,Video Name,Length,Average Band Energy,Avg Intensity,Max Intensity,Mean Intensity,Range Intensity,SD Intensity,Avg Pitch,Max Pitch,Mean Pitch,Range Pitch,SD Pitch,Mean F1,Mean F2,Mean F3,Mean B1,Mean B2,Mean B3,SD F1,SD F2,SD F3,Mean F2/F1,Mean F3/F1,SD F2/F1,SD F3/F1
0,audio.wav,75.48,0.2177229776666592,68.58300277788489,83.7542117939576,38.453767487844644,45.30044430611295,10.383236328707829,227.76084496453728,582.7696592280768,75.4242663133817,507.3453929146951,69.36748377806774,691.9073381832596,1783.8414937415662,2856.9073496617125,405.6457401458649,517.3466069838928,604.3065922908942,293.1745195265921,439.5942281576475,470.0649629401133,3.0295321461863765,4.8847868044097105,1.7063742741104164,2.7379906577916797
