,Video Name,Length,Average Band Energy,Avg Intensity,Max Intensity,Mean Intensity,Range Intensity,SD Intensity,Avg Pitch,Max Pitch,Mean Pitch,Range Pitch,SD Pitch,Mean F1,Mean F2,Mean F3,Mean B1,Mean B2,Mean B3,SD F1,SD F2,SD F3,Mean F2/F1,Mean F3/F1,SD F2/F1,SD F3/F1
0,audio.wav,55.32,0.006040670697945984,54.36281323400328,78.7783643807945,29.38949893580373,49.38886544499077,6.368608014069215,280.45011222914974,596.552767457831,75.85766809427803,520.695099363553,135.81765480762914,815.0702226690994,1915.3405132044518,2999.9112943133528,620.4397355053626,791.2316254188452,692.2494537077013,279.3571451809766,400.1547939818021,377.77675609263093,2.5906250790779404,4.136416056059692,1.155728892991611,1.9257020368467777
